time_sec,red_raw,ir_raw,selected_raw,filtered_latest,bpm,signal_quality
1.0002,82389,82889,82889,,,Collecting
1.0452,104198,108159,108159,,,Collecting
1.0853,103844,107717,107717,,,Collecting
1.1254,103759,107551,107551,,,Collecting
1.1655,103821,107616,107616,,,Collecting
1.2055,103777,107573,107573,,,Collecting
1.2456,103477,107121,107121,,,Collecting
1.2857,103118,106619,106619,,,Collecting
1.3257,102707,105926,105926,,,Collecting
1.3658,102614,105776,105776,,,Collecting
1.4059,102647,105836,105836,,,Collecting
1.4459,102537,105634,105634,,,Collecting
1.4860,102425,105349,105349,,,Collecting
1.5261,102445,105326,105326,,,Collecting
1.5661,102395,105304,105304,,,Collecting
1.6062,102168,105008,105008,,,Collecting
1.6463,102162,105026,105026,,,Collecting
1.6864,102198,105081,105081,,,Collecting
1.7264,102178,105029,105029,,,Collecting
1.7665,102107,104956,104956,,,Collecting
1.8066,101981,104821,104821,,,Collecting
1.8466,102001,104825,104825,,,Collecting
1.8867,101927,104792,104792,,,Collecting
1.9268,101938,104838,104838,,,Collecting
1.9668,101822,104695,104695,,,Collecting
2.0069,101727,104582,104582,,,Collecting
2.0470,101649,104511,104511,,,Collecting
2.0870,101631,104537,104537,,,Collecting
2.1271,101577,104472,104472,,,Collecting
2.1672,101563,104466,104466,,,Collecting
2.2073,101628,104597,104597,,,Collecting
2.2473,101577,104574,104574,,,Collecting
2.2874,101582,104581,104581,,,Collecting
2.3275,101629,104676,104676,,,Collecting
2.3675,101686,104738,104738,,,Collecting
2.4076,101686,104616,104616,,,Collecting
2.4477,101590,104479,104479,,,Collecting
2.4878,101473,104356,104356,,,Collecting
2.5279,101378,104190,104190,,,Collecting
2.5680,101376,104162,104162,,,Collecting
2.6081,101396,104217,104217,,,Collecting
2.6482,101215,103960,103960,,,Collecting
2.6883,101011,103741,103741,,,Collecting
2.7284,100940,103656,103656,,,Collecting
2.7685,101025,103737,103737,,,Collecting
2.8085,101080,103850,103850,,,Collecting
2.8487,101232,104075,104075,,,Collecting
2.8887,101197,104113,104113,,,Collecting
2.9288,101164,104065,104065,,,Collecting
2.9689,101227,104200,104200,,,Collecting
3.0090,101210,104216,104216,,,Collecting
3.0491,101231,104264,104264,,,Collecting
3.0892,101201,104267,104267,,,Collecting
3.1293,101254,104363,104363,,,Collecting
3.1694,101316,104439,104439,,,Collecting
3.2095,101225,104395,104395,,,Collecting
3.2496,101276,104481,104481,,,Collecting
3.2897,101249,104473,104473,,,Collecting
3.3298,101128,104307,104307,,,Collecting
3.3699,101055,104046,104046,,,Collecting
3.4100,100977,103953,103953,,,Collecting
3.4501,100988,103982,103982,,,Collecting
3.4902,100930,103909,103909,,,Collecting
3.5303,100853,103840,103840,,,Collecting
3.5704,100769,103758,103758,,,Collecting
3.6105,100821,103777,103777,,,Collecting
3.6506,100783,103723,103723,,,Collecting
3.6907,100636,103516,103516,,,Collecting
3.7308,100470,103307,103307,,,Collecting
3.7709,100297,103117,103117,,,Collecting
3.8110,100249,103054,103054,,,Collecting
3.8511,100177,102978,102978,,,Collecting
3.8912,100180,103004,103004,,,Collecting
3.9313,100177,102951,102951,,,Collecting
3.9714,100099,102900,102900,,,Collecting
4.0115,100048,102888,102888,,,Collecting
4.0515,100109,102968,102968,,,Collecting
4.0916,100141,103058,103058,,,Collecting
4.1317,100220,103170,103170,,,Collecting
4.1718,100289,103304,103304,,,Collecting
4.2119,100292,103290,103290,,,Collecting
4.2520,100133,102995,102995,,,Collecting
4.2921,99993,102705,102705,,,Collecting
4.3322,99948,102616,102616,,,Collecting
4.3724,99921,102591,102591,,,Collecting
4.4125,99871,102528,102528,,,Collecting
4.4526,99884,102514,102514,,,Collecting
4.4927,99899,102576,102576,,,Collecting
4.5328,99836,102439,102439,,,Collecting
4.5728,99917,102568,102568,,,Collecting
4.6129,99948,102613,102613,,,Collecting
4.6530,99935,102649,102649,,,Collecting
4.6931,99960,102744,102744,,,Collecting
4.7332,99933,102687,102687,,,Collecting
4.7733,99798,102485,102485,,,Collecting
4.8134,99725,102394,102394,,,Collecting
4.8535,99671,102382,102382,,,Collecting
4.8936,99685,102405,102405,,,Collecting
4.9337,99713,102407,102407,,,Collecting
4.9738,99730,102469,102469,5.741449,,Fair
5.0139,99773,102569,102569,12.928119,,Fair
5.0540,99757,102562,102562,15.304674,,Fair
5.0940,99751,102613,102613,14.378104,,Fair
5.1341,99717,102561,102561,11.544134,,Fair
5.1742,99635,102416,102416,7.672415,,Fair
5.2143,99526,102236,102236,3.866856,,Fair
5.2544,99414,101951,101951,1.615754,,Fair
5.2945,99171,101618,101618,1.833600,,Fair
5.3346,98958,101351,101351,4.248964,,Fair
5.3747,98921,101279,101279,7.019996,,Fair
5.4148,98918,101275,101275,7.696680,,Fair
5.4548,98868,101212,101212,3.964533,,Fair
5.4949,98870,101189,101189,-5.570792,,Fair
5.5350,98924,101300,101300,-20.094958,46.88,Fair
5.5751,98961,101363,101363,-36.449439,46.88,Fair
5.6153,98975,101415,101415,-51.162460,46.88,Fair
5.6554,99002,101469,101469,-60.856090,46.88,Fair
5.6954,98989,101434,101434,-62.443634,46.88,Fair
5.7355,98945,101448,101448,-54.262536,46.88,Fair
5.7756,99028,101584,101584,-36.291596,46.88,Fair
5.8157,99047,101612,101612,-10.102411,46.88,Fair
5.8558,99039,101612,101612,20.311095,46.88,Fair
5.8959,99027,101642,101642,49.784302,46.88,Fair
5.9360,98979,101598,101598,73.586516,46.88,Fair
5.9761,98988,101664,101664,88.174658,46.88,Fair
6.0162,99059,101767,101767,92.872247,46.88,Fair
6.0563,99085,101803,101803,89.369293,46.88,Fair
6.0964,99001,101717,101717,80.367211,46.88,Fair
6.1365,98826,101373,101373,68.248636,46.88,Fair
6.1765,98634,101041,101041,53.786589,46.88,Fair
6.2166,98576,100919,100919,37.520925,46.88,Fair
6.2567,98555,100927,100927,20.559626,46.88,Fair
6.2968,98596,100994,100994,3.748985,46.88,Fair
6.3369,98590,100966,100966,-12.498817,46.88,Fair
6.3770,98503,100849,100849,-28.265436,46.88,Fair
6.4171,98455,100754,100754,-43.643720,46.88,Fair
6.4572,98502,100808,100808,-58.345928,46.88,Fair
6.4973,98549,100879,100879,-71.231620,46.88,Fair
6.5374,98600,100980,100980,-81.049907,46.88,Fair
6.5775,98556,100923,100923,-85.867550,46.88,Fair
6.6176,98517,100892,100892,-83.892457,46.88,Fair
6.6577,98532,100919,100919,-73.422815,46.88,Fair
6.6978,98490,100854,100854,-54.198472,46.88,Fair
6.7378,98402,100737,100737,-28.968912,46.88,Fair
6.7779,98327,100657,100657,-2.885433,46.88,Fair
6.8180,98282,100621,100621,18.740662,46.88,Fair
6.8581,98271,100627,100627,32.861048,46.88,Fair
6.8982,98103,100422,100422,40.068884,46.88,Fair
6.9383,97950,100218,100218,42.259679,46.88,Fair
6.9784,97966,100227,100227,41.093213,46.88,Fair
7.0185,97811,99931,99931,37.684890,46.88,Fair
7.0586,97683,99620,99620,30.747179,46.88,Fair
7.0987,97655,99570,99570,19.685688,46.88,Fair
7.1388,97591,99425,99425,6.600879,46.88,Fair
7.1788,97567,99403,99403,-6.363112,46.88,Fair
7.2189,97494,99283,99283,-17.046594,46.88,Fair
7.2590,97413,99130,99130,-25.160614,46.88,Fair
7.2991,97295,98925,98925,-31.264823,46.88,Fair
7.3392,97277,98872,98872,-36.162812,46.88,Fair
7.3793,97523,99228,99228,-39.871232,46.88,Fair
7.4194,97518,99207,99207,-40.202384,46.88,Fair
7.4595,97487,99167,99167,-36.762988,46.88,Fair
7.4996,97579,99293,99293,-29.084880,46.88,Fair
7.5397,97528,99251,99251,-16.484946,46.88,Fair
7.5797,97511,99189,99189,-0.317231,46.88,Fair
7.6198,97532,99237,99237,17.103673,46.88,Fair
7.6599,97481,99201,99201,34.029304,46.88,Fair
7.7000,97431,99132,99132,48.947625,46.88,Fair
7.7401,97345,99029,99029,60.849259,46.88,Fair
7.7802,97309,98996,98996,68.999200,46.88,Fair
7.8203,97276,98935,98935,73.450921,46.88,Fair
7.8604,97278,98929,98929,73.626602,46.88,Fair
7.9005,97229,98788,98788,68.481686,46.88,Fair
7.9406,97029,98380,98380,56.981878,46.88,Fair
7.9806,96953,98146,98146,38.766766,46.88,Fair
8.0207,96877,98047,98047,16.441148,46.88,Fair
8.0608,96883,98009,98009,-5.981161,46.88,Fair
8.1009,96942,98074,98074,-25.382967,46.88,Fair
8.1410,96979,98101,98101,-40.531201,46.88,Fair
8.1811,97040,98131,98131,-52.038846,46.88,Fair
8.2212,97085,98170,98170,-60.402138,46.88,Fair
8.2613,97062,98112,98112,-65.533514,46.88,Fair
8.3014,97080,98119,98119,-67.634695,46.88,Fair
8.3415,97163,98243,98243,-66.162589,46.88,Fair
8.3816,97120,98204,98204,-59.577943,46.88,Fair
8.4217,97098,98128,98128,-47.241353,46.88,Fair
8.4618,97131,98161,98161,-29.203947,46.88,Fair
8.5019,97302,98460,98460,-6.561029,46.88,Fair
8.5419,97428,98623,98623,18.726692,46.88,Fair
8.5820,97463,98665,98665,42.359561,46.88,Fair
8.6221,97438,98610,98610,59.769435,46.88,Fair
8.6622,97363,98510,98510,68.293218,46.88,Fair
8.7023,97268,98451,98451,68.503362,46.88,Fair
8.7424,97300,98474,98474,63.562349,46.88,Fair
8.7825,97316,98489,98489,57.020325,46.88,Fair
8.8226,97251,98369,98369,50.936770,46.88,Fair
8.8627,97073,97959,97959,45.485538,46.88,Fair
8.9028,96942,97683,97683,38.573919,46.88,Fair
8.9429,96971,97676,97676,28.335450,46.88,Fair
8.9836,96894,97578,97578,14.313045,46.88,Fair
9.0237,96962,97646,97646,-3.914422,46.88,Fair
9.0638,96975,97627,97627,-24.893999,46.88,Fair
9.1039,96850,97421,97421,-46.533099,46.88,Fair
9.1440,96913,97460,97460,-66.749003,46.88,Fair
9.1841,96840,97369,97369,-81.730068,46.88,Fair
9.2242,96893,97438,97438,-89.578682,46.88,Fair
9.2642,97023,97667,97667,-89.944374,46.88,Fair
9.3043,97046,97657,97657,-83.230137,46.88,Fair
9.3445,97046,97705,97705,-70.777501,46.88,Fair
9.3846,97185,97887,97887,-52.832340,46.88,Fair
9.4247,97320,98049,98049,-29.459289,46.88,Fair
9.4648,97208,97929,97929,-2.207780,46.88,Fair
9.5049,97122,97823,97823,24.605776,46.88,Fair
9.5450,97133,97841,97841,46.681413,46.88,Fair
9.5851,97199,97950,97950,62.013656,46.88,Fair
9.6252,97242,98008,98008,71.675650,46.88,Fair
9.6653,97268,98033,98033,77.821032,46.88,Fair
9.7054,97220,97953,97953,81.485987,46.88,Fair
9.7455,97049,97597,97597,81.635600,46.88,Fair
9.7855,96923,97313,97313,75.534098,46.88,Fair
9.8256,96890,97255,97255,61.850030,46.88,Fair
9.8657,96875,97243,97243,42.068890,46.88,Fair
9.9058,96911,97274,97274,19.251961,46.88,Fair
9.9459,96946,97292,97292,-3.182029,46.88,Fair
9.9860,96962,97327,97327,-22.865423,46.88,Fair
10.0261,96997,97335,97335,-38.738209,46.88,Fair
10.0662,97001,97345,97345,-50.975104,46.88,Fair
10.1063,97007,97323,97323,-59.984241,46.88,Fair
10.1464,97041,97382,97382,-66.262320,46.88,Fair
10.1865,96993,97333,97333,-69.157278,46.88,Fair
10.2266,96961,97288,97288,-67.073630,46.88,Fair
10.2666,96946,97266,97266,-57.636181,46.88,Fair
10.3067,96958,97277,97277,-40.194232,46.88,Fair
10.3468,97049,97484,97484,-17.584032,46.88,Fair
10.3869,97087,97527,97527,5.724460,46.88,Fair
10.4270,97115,97582,97582,24.276066,46.88,Fair
10.4678,97125,97656,97656,35.062614,46.88,Fair
10.5079,97165,97700,97700,38.582525,46.88,Fair
10.5480,97143,97696,97696,37.803425,46.88,Fair
10.5880,97121,97646,97646,35.844564,46.88,Fair
10.6281,97174,97733,97733,34.234149,46.88,Fair
10.6682,97147,97617,97617,34.016188,46.88,Fair
10.7083,97078,97445,97445,34.580574,46.88,Fair
10.7484,97100,97453,97453,34.623293,46.88,Fair
10.7885,97290,97668,97668,33.105771,46.88,Fair
10.8286,97418,97831,97831,29.596360,46.88,Fair
10.8692,97373,97780,97780,23.630945,46.88,Fair
10.9093,97389,97777,97777,14.444021,46.88,Fair
10.9494,97469,97855,97855,2.618583,46.88,Fair
10.9898,97530,97974,97974,-9.836209,46.88,Fair
11.0300,97509,97980,97980,-20.143700,46.88,Fair
11.0708,97583,98106,98106,-26.618617,46.88,Fair
11.1109,97552,98079,98079,-27.988312,46.88,Fair
11.1510,97557,98088,98088,-24.846776,46.88,Fair
11.1911,97525,98058,98058,-18.127338,46.88,Fair
11.2312,97506,98043,98043,-9.560053,46.88,Fair
11.2713,97569,98152,98152,-1.444381,46.88,Fair
11.3114,97624,98257,98257,4.438626,46.88,Fair
11.3515,97630,98300,98300,6.945944,46.88,Fair
11.3916,97704,98396,98396,5.756356,46.88,Fair
11.4318,97703,98422,98422,2.211114,46.88,Fair
11.4719,97925,98791,98791,-2.071050,46.88,Fair
11.5131,97936,98833,98833,-4.139154,46.88,Fair
11.5532,98058,99028,99028,-4.437603,46.88,Fair
11.5936,98175,99210,99210,-3.364282,46.88,Fair
11.6337,98114,99090,99090,-0.587680,46.88,Fair
11.6746,97986,98819,98819,4.014630,46.88,Fair
11.7146,97879,98643,98643,9.869030,46.88,Fair
11.7547,97899,98649,98649,15.758510,46.88,Fair
11.7948,97854,98612,98612,20.515976,46.88,Fair
11.8349,97781,98526,98526,22.594314,46.88,Fair
11.8750,97661,98332,98332,20.679752,46.88,Fair
11.9151,97636,98249,98249,13.587772,46.88,Fair
11.9552,97630,98279,98279,1.302121,46.88,Fair
11.9953,97654,98292,98292,-15.220990,46.88,Fair
12.0358,97621,98299,98299,-34.554478,46.88,Fair
12.0768,97734,98451,98451,-54.505124,46.88,Fair
12.1174,97743,98496,98496,-71.075880,46.88,Fair
12.1575,97784,98586,98586,-80.441664,46.88,Fair
12.1976,97825,98649,98649,-79.604327,46.88,Fair
12.2376,97862,98741,98741,-68.307557,46.88,Fair
12.2777,97892,98808,98808,-48.811724,46.88,Fair
12.3178,97837,98783,98783,-24.910620,46.88,Fair
12.3579,97838,98753,98753,-0.769650,46.88,Fair
12.3980,97871,98803,98803,20.796200,46.88,Fair
12.4381,97967,98953,98953,39.158074,46.88,Fair
12.4789,97933,98950,98950,54.822156,46.88,Fair
12.5190,97941,98939,98939,66.613598,46.88,Fair
12.5596,97949,98955,98955,72.702071,46.88,Fair
12.5997,97766,98674,98674,72.446693,46.88,Fair
12.6398,97620,98410,98410,65.645895,46.88,Fair
12.6800,97587,98310,98310,53.544874,46.88,Fair
12.7201,97579,98299,98299,38.232957,46.88,Fair
12.7602,97540,98282,98282,21.758049,46.88,Fair
12.8003,97579,98293,98293,5.634982,46.88,Fair
12.8404,97529,98229,98229,-9.116660,46.88,Fair
12.8809,97475,98137,98137,-22.563948,46.88,Fair
12.9217,97530,98202,98202,-35.297332,46.88,Fair
12.9618,97540,98269,98269,-47.058110,46.88,Fair
13.0018,97638,98366,98366,-57.165347,46.88,Fair
13.0419,97612,98348,98348,-63.783828,46.88,Fair
13.0828,97537,98229,98229,-64.721106,46.88,Fair
13.1230,97462,98169,98169,-58.392576,46.88,Fair
13.1637,97492,98204,98204,-44.689139,46.88,Fair
13.2038,97472,98189,98189,-25.594999,46.88,Fair
13.2439,97465,98170,98170,-5.081590,46.88,Fair
13.2840,97443,98213,98213,12.788966,46.88,Fair
13.3241,97479,98302,98302,25.466575,46.88,Fair
13.3642,97536,98373,98373,32.620847,46.88,Fair
13.4043,97547,98403,98403,35.671569,46.88,Fair
13.4443,97609,98505,98505,36.126709,46.88,Fair
13.4851,97624,98535,98535,35.016550,46.88,Fair
13.5252,97610,98555,98555,32.532840,46.88,Fair
13.5653,97624,98555,98555,29.331966,46.88,Fair
13.6060,97511,98335,98335,26.849035,46.88,Fair
13.6461,97405,98108,98108,25.705083,46.88,Fair
13.6862,97381,98047,98047,25.590622,46.88,Fair
13.7264,97471,98126,98126,25.300542,46.88,Fair
13.7665,97540,98193,98193,23.296550,46.88,Fair
13.8066,97502,98135,98135,18.411894,46.88,Fair
13.8467,97443,98068,98068,10.093901,46.88,Fair
13.8875,97428,98068,98068,-1.266203,46.88,Fair
13.9276,97445,98058,98058,-14.547435,46.88,Fair
13.9677,97471,98110,98110,-28.363626,46.88,Fair
14.0080,97573,98261,98261,-40.545057,46.88,Fair
14.0481,97624,98343,98343,-48.307690,46.88,Fair
14.0882,97603,98298,98298,-49.715601,46.88,Fair
14.1287,97566,98285,98285,-44.444387,46.88,Fair
14.1690,97583,98318,98318,-33.338833,46.88,Fair
14.2094,97566,98334,98334,-18.517139,46.88,Fair
14.2497,97586,98371,98371,-3.209158,46.88,Fair
14.2898,97559,98360,98360,9.693067,46.88,Fair
14.3299,97558,98347,98347,18.500391,46.88,Fair
14.3701,97582,98415,98415,23.421929,46.88,Fair
14.4102,97682,98560,98560,26.148808,46.88,Fair
14.4506,97761,98688,98688,28.112558,46.88,Fair
14.4907,97785,98744,98744,29.103122,46.88,Fair
14.5308,97821,98820,98820,27.880701,46.88,Fair
14.5709,97850,98892,98892,24.230159,46.88,Fair
14.6110,97960,99019,99019,19.300304,46.88,Fair
14.6526,98069,99098,99098,15.185542,46.88,Fair
14.6927,98004,98949,98949,13.516159,46.88,Fair
14.7341,97965,98846,98846,13.936340,46.88,Fair
14.7742,97990,98885,98885,15.243999,46.88,Fair
14.8142,98022,98894,98894,16.266942,46.88,Fair
14.8543,97923,98787,98787,15.996889,46.88,Fair
14.8944,97886,98736,98736,13.440375,46.88,Fair
14.9345,97872,98695,98695,8.082184,46.88,Fair
14.9746,97891,98707,98707,-0.485693,46.88,Fair
15.0147,97994,98881,98881,-11.976739,46.88,Fair
15.0547,98153,99138,99138,-24.701970,46.88,Fair
15.0948,98221,99246,99246,-36.081204,46.88,Fair
15.1349,98225,99240,99240,-44.219227,46.88,Fair
15.1750,98155,99163,99163,-48.095383,46.88,Fair
15.2150,98243,99299,99299,-47.621977,46.88,Fair
15.2551,98270,99337,99337,-41.963021,46.88,Fair
15.2952,98241,99320,99320,-31.299356,46.88,Fair
15.3353,98251,99340,99340,-16.920131,46.88,Fair
15.3754,98384,99558,99558,-1.090738,46.88,Fair
15.4154,98360,99537,99537,14.550613,46.88,Fair
15.4555,98354,99528,99528,27.590025,46.88,Fair
15.4956,98272,99415,99415,36.544787,46.88,Fair
15.5356,98185,99370,99370,39.674543,46.88,Fair
15.5757,98187,99357,99357,36.260170,46.88,Fair
15.6158,98111,99201,99201,27.559328,46.88,Fair
15.6559,97911,98771,98771,16.350252,46.88,Fair
15.6959,97882,98729,98729,4.561917,46.88,Fair
15.7360,97955,98818,98818,-5.324484,46.88,Fair
15.7766,97944,98806,98806,-12.698046,46.88,Fair
15.8167,97976,98842,98842,-19.348114,46.88,Fair
15.8568,97888,98726,98726,-26.808095,46.88,Fair
15.8971,97878,98677,98677,-35.878666,46.88,Fair
15.9372,97766,98496,98496,-45.130440,46.88,Fair
15.9775,97642,98357,98357,-52.981909,46.88,Fair
16.0179,97628,98359,98359,-57.618274,46.88,Fair
16.0580,97650,98410,98410,-56.949193,50.73,Good
16.0983,97628,98366,98366,-49.622742,54.64,Good
16.1386,97589,98320,98320,-36.497846,58.07,Good
16.1787,97517,98289,98289,-19.955227,61.64,Good
16.2198,97638,98413,98413,-3.026247,65.20,Good
16.2599,97637,98456,98456,12.020685,64.91,Good
16.2999,97623,98445,98445,22.987184,64.60,Good
16.3400,97616,98450,98450,28.876183,64.78,Good
16.3801,97660,98529,98529,30.946379,64.82,Good
16.4202,97671,98549,98549,32.665451,64.86,Good
16.4607,97627,98492,98492,36.915500,64.91,Good
16.5008,97567,98434,98434,43.718164,64.91,Good
16.5411,97578,98469,98469,50.734322,64.91,Good
16.5812,97509,98353,98353,55.713443,64.87,Good
16.6216,97366,98030,98030,56.788099,64.81,Good
16.6617,97298,97846,97846,52.630690,64.71,Good
16.7022,97336,97866,97866,43.731325,64.62,Good
16.7422,97356,97902,97902,31.818907,64.55,Good
16.7823,97317,97827,97827,18.281760,64.52,Good
16.8231,97330,97879,97879,3.319039,64.52,Good
16.8631,97347,97859,97859,-12.159520,64.55,Good
16.9032,97371,97927,97927,-27.207851,64.58,Good
16.9433,97544,98136,98136,-40.358170,64.61,Good
16.9836,97652,98334,98334,-49.894969,64.65,Good
17.0239,97665,98377,98377,-54.334538,64.68,Good
17.0640,97628,98334,98334,-52.671963,64.68,Good
17.1046,97518,98181,98181,-44.285626,65.21,Good
17.1447,97388,98000,98000,-29.956065,65.71,Good
17.1848,97317,97929,97929,-11.896189,66.21,Good
17.2252,97365,98021,98021,7.058895,66.71,Good
17.2653,97326,98003,98003,24.248781,67.24,Good
17.3059,97275,97939,97939,36.520449,67.28,Good
17.3460,97265,97957,97957,41.637858,67.27,Good
17.3860,97359,98125,98125,39.478096,67.25,Good
17.4266,97380,98129,98129,31.934504,67.24,Good
17.4667,97295,98039,98039,20.294239,67.23,Good
17.5068,97196,97957,97957,5.738293,67.18,Good
17.5471,97244,98004,98004,-9.445013,67.18,Good
17.5875,97088,97682,97682,-21.014937,66.55,Good
17.6276,96971,97465,97465,-26.804018,65.92,Good
17.6681,97011,97463,97463,-26.031511,65.29,Good
17.7081,96971,97418,97418,-19.931056,64.66,Good
17.7482,96998,97482,97482,-12.468843,64.00,Good
17.7889,96953,97404,97404,-7.216459,63.96,Good
17.8290,96881,97292,97292,-6.671914,63.93,Good
17.8691,96827,97199,97199,-10.995805,63.89,Good
17.9095,96725,97053,97053,-18.376779,64.48,Good
17.9495,96744,97134,97134,-26.754728,65.11,Good
17.9899,96921,97393,97393,-33.491254,65.77,Good
18.0300,96974,97519,97519,-35.748470,65.84,Good
18.0703,96928,97424,97424,-31.713595,65.91,Good
18.1107,96876,97352,97352,-21.663667,65.32,Good
18.1507,96815,97301,97301,-7.521390,64.73,Good
18.1911,96787,97287,97287,7.639280,64.14,Good
18.2311,96776,97291,97291,21.186801,64.67,Good
18.2716,96752,97259,97259,31.672062,65.19,Good
18.3117,96767,97283,97283,38.593141,65.75,Good
18.3522,96747,97274,97274,42.917963,66.31,Good
18.3923,96736,97296,97296,45.895401,67.17,Good
18.4324,96736,97304,97304,47.775465,67.07,Good
18.4728,96667,97223,97223,47.029968,66.49,Good
18.5129,96535,96941,96941,41.701517,65.93,Good
18.5532,96395,96676,96676,30.724758,65.34,Good
18.5935,96339,96510,96510,15.679518,64.41,Good
18.6338,96324,96515,96515,0.074337,63.91,Good
18.6739,96330,96569,96569,-12.342707,63.92,Good
18.7143,96390,96612,96612,-20.074375,63.92,Good
18.7544,96391,96607,96607,-24.557645,63.95,Good
18.7946,96408,96611,96611,-28.732069,63.99,Good
18.8356,96513,96727,96727,-34.401957,64.02,Good
18.8756,96600,96858,96858,-40.814103,64.02,Good
18.9157,96611,96895,96895,-45.777271,64.37,Good
18.9558,96678,96989,96989,-47.082802,64.72,Good
18.9958,96685,96989,96989,-42.272740,65.07,Good
19.0362,96649,96957,96957,-30.177159,65.42,Good
19.0763,96677,97006,97006,-11.448281,65.77,Good
19.1166,96728,97103,97103,11.400764,65.42,Good
19.1571,96818,97263,97263,34.158767,65.05,Good
19.1972,96893,97379,97379,52.488220,64.69,Good
19.2373,97002,97528,97528,63.228138,64.32,Good
19.2777,97048,97619,97619,66.165684,63.95,Good
19.3177,97163,97764,97764,63.142503,63.93,Good
19.3585,97246,97917,97917,56.939302,63.93,Good
19.3986,97296,97945,97945,49.660677,63.93,Good
19.4386,97198,97714,97714,42.253024,64.30,Good
19.4789,97076,97413,97413,34.646363,64.63,Good
19.5193,97048,97314,97314,26.830259,64.96,Good
19.5594,97059,97356,97356,19.410076,65.29,Good
19.5995,97084,97358,97358,12.471300,65.63,Good
19.6399,97141,97408,97408,4.616803,65.59,Good
19.6800,97159,97479,97479,-5.725985,65.59,Good
19.7204,97201,97484,97484,-19.405305,65.59,Good
19.7605,97189,97494,97494,-36.286590,65.63,Good
19.8009,97183,97497,97497,-54.619862,65.66,Good
19.8410,97243,97617,97617,-71.640111,65.70,Good
19.8850,97325,97729,97729,-83.763344,65.73,Good
19.9251,97382,97798,97798,-87.908177,65.77,Good
19.9652,97395,97844,97844,-82.163119,65.77,Good
20.0053,97422,97902,97902,-66.461564,65.81,Good
20.0454,97470,97961,97961,-43.064816,65.85,Good
20.0855,97440,97937,97937,-16.401047,65.89,Good
20.1256,97390,97909,97909,7.888057,65.90,Good
20.1657,97466,98002,98002,25.485640,65.90,Good
20.2058,97497,98101,98101,35.728215,65.87,Good
20.2459,97627,98295,98295,40.613843,65.84,Good
20.2868,97661,98382,98382,43.209106,65.81,Good
20.3269,97635,98305,98305,44.836489,65.81,Good
20.3669,97565,98214,98214,44.844606,65.80,Good
20.4071,97376,97800,97800,42.657141,65.76,Good
20.4472,97205,97493,97493,36.850644,65.68,Good
20.4876,97154,97430,97430,27.524109,65.60,Good
20.5277,97126,97390,97390,16.545131,65.56,Good
20.5678,97256,97543,97543,5.459894,65.52,Good
20.6078,97200,97465,97465,-4.270433,65.52,Good
20.6479,97239,97507,97507,-13.809151,65.56,Good
20.6880,97309,97570,97570,-24.321295,65.59,Good
20.7281,97257,97495,97495,-36.440935,65.59,Good
20.7693,97291,97592,97592,-50.202711,65.59,Good
20.8094,97416,97757,97757,-63.015252,65.59,Good
20.8495,97334,97662,97662,-70.261845,65.61,Good
20.8897,97173,97461,97461,-68.042108,65.62,Good
20.9301,97053,97342,97342,-54.650623,66.26,Good
20.9702,97125,97396,97396,-31.762959,66.95,Good
21.0107,97017,97329,97329,-3.902024,67.64,Good
21.0508,97058,97364,97364,21.908726,68.13,Good
21.0910,97149,97500,97500,40.046676,68.62,Good
21.1311,97154,97520,97520,48.414594,68.48,Good
21.1712,97162,97560,97560,47.946080,68.29,Good
21.2114,97169,97567,97567,42.156503,67.42,Good
21.2516,97053,97442,97442,34.565675,66.68,Good
21.2917,96996,97274,97274,26.858682,65.99,Good
21.3317,96766,96857,96857,19.980227,65.25,Good
21.3728,96602,96546,96546,13.809253,64.52,Good
21.4129,96602,96508,96508,8.809643,64.46,Good
21.4545,96563,96447,96447,5.885429,64.42,Good
21.4946,96584,96514,96514,4.093965,64.35,Good
21.5347,96566,96491,96491,1.687781,64.38,Good
21.5748,96502,96403,96403,-4.171109,64.48,Good
21.6149,96487,96331,96331,-15.315599,64.58,Good
21.6550,96431,96286,96286,-30.665382,64.82,Good
21.6950,96385,96237,96237,-46.665373,65.03,Good
21.7352,96331,96220,96220,-59.091618,65.17,Good
21.7753,96334,96186,96186,-64.008608,65.25,Good
21.8154,96228,96079,96079,-58.852807,65.38,Good
21.8554,96112,95910,95910,-43.741524,65.29,Good
21.8955,96080,95857,95857,-21.963919,65.21,Good
21.9356,96097,95886,95886,1.600746,65.13,Good
21.9767,96087,95933,95933,21.741225,65.04,Good
22.0168,96053,95891,95891,34.680124,64.92,Good
22.0574,96068,95909,95909,39.194477,64.92,Good
22.0974,96081,95951,95951,37.551410,64.92,Good
22.1375,96030,95929,95929,33.697600,64.92,Good
22.1776,96025,95915,95915,30.461652,64.92,Good
22.2177,96072,95964,95964,28.688200,64.92,Good
22.2578,96005,95857,95857,28.292429,64.92,Good
22.2981,95755,95376,95376,28.700524,64.76,Good
22.3383,95669,95142,95142,28.233384,64.55,Good
22.3784,95693,95131,95131,26.737991,64.34,Good
22.4186,95713,95154,95154,24.396755,64.31,Good
22.4588,95718,95129,95129,20.684350,64.27,Good
22.5014,95788,95237,95237,14.315434,64.40,Good
22.5415,95748,95199,95199,5.014391,64.62,Good
22.5816,95744,95177,95177,-7.200957,64.87,Good
22.6217,95745,95133,95133,-20.808100,65.54,Good
22.6618,95671,95080,95080,-33.624015,66.21,Good
22.7019,95622,95085,95085,-43.483626,66.88,Good
22.7420,95635,95071,95071,-48.139062,67.50,Good
22.7821,95681,95175,95175,-45.909765,68.10,Good
22.8221,95601,95071,95071,-35.494865,67.42,Good
22.8622,95576,95071,95071,-18.743440,66.75,Good
22.9023,95625,95134,95134,0.785028,66.07,Good
22.9426,95652,95203,95203,18.412840,65.40,Good
22.9827,95713,95330,95330,29.875289,64.72,Good
23.0237,95793,95413,95413,33.726651,65.36,Good
23.0638,95813,95431,95431,31.950696,65.99,Good
23.1039,95752,95368,95368,28.500341,66.63,Good
23.1439,95654,95240,95240,26.262994,67.31,Good
23.1840,95632,95277,95277,25.569630,67.95,Good
23.2241,95689,95378,95378,25.959592,67.95,Good
23.2642,95741,95364,95364,26.632337,68.00,Good
23.3043,95655,95127,95127,26.484083,67.96,Good
23.3444,95636,95037,95037,24.000170,67.84,Good
23.3845,95687,95106,95106,18.902700,67.80,Good
23.4250,95711,95140,95140,11.690379,67.77,Good
23.4652,95732,95145,95145,2.635122,67.65,Good
23.5053,95657,95060,95060,-7.849981,67.62,Good
23.5465,95725,95123,95123,-19.350655,67.13,Good
23.5866,95692,95110,95110,-29.931422,66.66,Good
23.6267,95726,95176,95176,-37.772413,66.19,Good
23.6668,95798,95285,95285,-41.338090,65.75,Good
23.7069,95794,95289,95289,-40.242274,65.31,Good
23.7469,95771,95257,95257,-35.594829,65.26,Good
23.7870,95745,95262,95262,-28.877544,65.18,Good
23.8271,95778,95352,95352,-21.028762,65.09,Good
23.8672,95788,95349,95349,-11.957096,65.60,Good
23.9081,95819,95384,95384,-2.031445,66.14,Good
23.9482,95843,95449,95449,7.835744,66.78,Good
23.9883,95851,95497,95497,16.099487,67.41,Good
24.0284,95895,95570,95570,21.521253,67.41,Good
24.0698,95906,95576,95576,24.449725,66.82,Good
24.1099,95919,95641,95641,25.669321,66.19,Good
24.1499,95894,95597,95597,25.839940,65.55,Good
24.1900,95909,95635,95635,24.416948,64.92,Good
24.2301,95857,95569,95569,21.733583,64.82,Good
24.2707,95609,95118,95118,18.717543,64.70,Good
24.3108,95419,94734,94734,14.929847,64.61,Good
24.3509,95425,94678,94678,9.791452,64.49,Good
24.3910,95324,94552,94552,3.500311,64.36,Good
24.4312,95308,94550,94550,-4.758973,64.96,Good
24.4713,95321,94557,94557,-15.085764,65.64,Good
24.5114,95233,94451,94451,-27.011025,66.23,Good
24.5515,95197,94369,94369,-40.130869,66.86,Good
24.5926,95166,94321,94321,-53.658187,67.54,Good
24.6327,95119,94289,94289,-66.215387,67.58,Good
24.6731,95189,94412,94412,-75.755890,66.89,Good
24.7131,95248,94500,94500,-79.170462,66.28,Good
24.7532,95272,94517,94517,-73.967699,65.63,Good
24.7933,95290,94553,94553,-59.168757,64.95,Good
24.8334,95255,94543,94543,-35.612837,64.89,Good
24.8736,95247,94514,94514,-6.651938,65.53,Good
24.9144,95082,94333,94333,22.778007,67.15,Good
24.9545,95014,94240,94240,47.013773,68.73,Good
24.9946,95013,94277,94277,62.796430,69.65,Good
25.0347,94994,94251,94251,70.691197,69.92,Good
25.0748,95051,94385,94385,73.116226,70.28,Good
25.1161,95199,94564,94564,72.735192,70.28,Good
25.1562,95203,94622,94622,70.269204,70.34,Good
25.1962,95274,94736,94736,64.554188,71.09,Good
25.2363,95306,94759,94759,55.080680,71.83,Good
25.2764,95031,94296,94296,42.787620,72.07,Good
25.3173,94870,93947,93947,28.453906,71.52,Good
25.3575,94846,93837,93837,14.565718,70.96,Good
25.3976,94817,93790,93790,3.936488,70.51,Good
25.4376,94771,93750,93750,-2.307177,70.06,Good
25.4777,94775,93718,93718,-5.259130,69.43,Good
25.5185,94715,93653,93653,-7.597743,68.93,Good
25.5586,94646,93535,93535,-12.637695,68.43,Good
25.5987,94679,93592,93592,-23.308462,67.83,Good
25.6388,94651,93593,93593,-39.563427,67.23,Good
25.6790,94672,93630,93630,-58.777458,67.23,Good
25.7195,94699,93700,93700,-75.776344,67.23,Good
25.7596,94663,93681,93681,-84.769086,66.66,Good
25.7997,94635,93620,93620,-81.972310,66.34,Good
25.8398,94688,93699,93699,-66.959279,65.77,Good
25.8798,94619,93653,93653,-42.312857,65.20,Good
25.9205,94547,93571,93571,-13.986540,64.63,Good
25.9606,94604,93592,93592,11.499550,64.63,Good
26.0014,94680,93745,93745,29.955915,64.38,Good
26.0415,94648,93744,93744,41.336406,64.38,Good
26.0816,94563,93636,93636,47.778407,64.38,Good
26.1217,94610,93742,93742,50.966193,64.38,Good
26.1626,94732,93887,93887,51.829170,64.38,Good
26.2029,94855,94100,94100,50.206505,64.85,Good
26.2430,94819,94082,94082,46.682230,64.85,Good
26.2831,94722,93931,93931,41.765285,64.81,Good
26.3231,94547,93606,93606,36.445037,64.75,Good
26.3632,94425,93325,93325,31.055958,64.66,Good
26.4033,94367,93195,93195,25.520879,64.10,Good
26.4436,94393,93288,93288,19.502216,64.04,Good
26.4837,94446,93351,93351,13.038109,64.03,Good
26.5244,94388,93306,93306,5.703024,64.03,Good
26.5645,94363,93286,93286,-3.354232,64.10,Good
26.6046,94311,93131,93131,-14.504692,64.07,Good
26.6446,94267,93093,93093,-28.314643,64.01,Good
26.6850,94252,93080,93080,-43.668404,63.95,Good
26.7252,94177,93014,93014,-58.244974,63.90,Good
26.7656,94068,92944,92944,-69.244356,63.79,Good
26.8057,94049,92885,92885,-73.484168,63.79,Good
26.8458,94088,92952,92952,-68.405285,63.79,Good
26.8858,94127,93008,93008,-53.491654,63.79,Good
26.9265,94127,92992,92992,-32.205521,63.79,Good
26.9666,94097,93003,93003,-10.841534,63.79,Good
27.0075,94038,92924,92924,5.314580,63.79,Good
27.0476,93986,92895,92895,14.017293,63.79,Good
27.0876,93930,92839,92839,17.259209,63.79,Good
27.1277,93902,92769,92769,18.893665,63.79,Good
27.1678,93917,92798,92798,21.851313,63.79,Good
27.2084,93878,92820,92820,26.940471,63.79,Good
27.2485,93872,92747,92747,32.749953,63.79,Good
27.2892,93668,92364,92364,37.274371,63.78,Good
27.3293,93385,91866,91866,38.230443,63.76,Good
27.3694,93316,91758,91758,33.895322,63.71,Good
27.4094,93468,91947,91947,24.872908,63.69,Good
27.4497,93608,92122,92122,13.173368,63.74,Good
27.4898,93582,92073,92073,1.008604,63.84,Good
27.5305,93558,92102,92102,-10.316548,63.93,Good
27.5706,93475,91940,91940,-19.333644,64.05,Good
27.6106,93464,91890,91890,-26.496405,64.15,Good
27.6507,93465,91907,91907,-32.184079,64.17,Good
27.6908,93443,91894,91894,-36.026399,64.17,Good
27.7321,93448,91874,91874,-36.689394,64.17,Good
27.7723,93451,91932,91932,-32.258832,64.17,Good
27.8130,93466,91954,91954,-21.041599,64.17,Good
27.8531,93449,91944,91944,-3.505462,64.17,Good
27.8932,93442,91949,91949,17.056492,64.17,Good
27.9333,93437,91946,91946,35.338728,64.17,Good
27.9734,93444,91946,91946,46.012227,64.17,Good
28.0135,93532,92120,92120,46.582718,64.17,Good
28.0536,93698,92384,92384,39.856866,64.17,Good
28.0937,93920,92683,92683,31.982279,64.13,Good
28.1344,94027,92821,92821,28.399706,64.09,Good
28.1745,94078,92906,92906,29.877706,64.05,Good
28.2146,94067,92909,92909,33.885028,64.01,Good
28.2547,93937,92726,92726,37.518350,63.96,Good
28.2950,93780,92359,92359,39.086663,63.91,Good
28.3354,93633,92054,92054,38.010114,63.86,Good
28.3755,93655,92121,92121,34.604613,63.81,Good
28.4156,93696,92159,92159,30.281178,63.77,Good
28.4558,93700,92153,92153,24.827540,63.76,Good
28.4962,93615,92099,92099,16.765668,63.91,Good
28.5363,93698,92154,92154,3.741177,64.05,Good
28.5764,93631,92053,92053,-15.458373,64.20,Good
28.6165,93546,91974,91974,-40.747865,64.34,Good
28.6566,93549,91975,91975,-68.912080,64.46,Good
28.6967,93607,92089,92089,-94.083608,64.46,Good
28.7374,93646,92142,92142,-109.352065,64.46,Good
28.7789,93670,92216,92216,-110.196173,64.46,Good
28.8190,93801,92361,92361,-96.114955,64.46,Good
28.8590,93838,92442,92442,-70.581962,64.46,Good
28.8991,93859,92484,92484,-39.995796,64.46,Good
28.9392,93959,92647,92647,-11.163799,64.46,Good
28.9793,93998,92757,92757,11.724489,64.46,Good
29.0194,94054,92856,92856,27.647797,64.46,Good
29.0595,94072,92897,92897,38.990279,64.46,Good
29.0996,94087,92942,92942,49.033549,64.46,Good
29.1403,94062,92974,92974,59.429017,64.46,Good
29.1804,93942,92857,92857,69.277702,64.51,Good
29.2205,93827,92586,92586,76.027460,64.56,Good
29.2606,93636,92238,92238,77.178371,64.57,Good
29.3013,93591,92121,92121,70.985398,64.54,Good
29.3414,93651,92226,92226,57.863159,64.55,Good
29.3819,93691,92269,92269,40.129382,64.47,Good
29.4220,93727,92375,92375,19.786468,64.39,Good
29.4621,93766,92445,92445,-1.499956,64.39,Good
29.5022,93768,92391,92391,-22.710477,64.46,Good
29.5429,93748,92348,92348,-43.151940,64.50,Good
29.5830,93721,92353,92353,-61.410356,64.63,Good
29.6231,93697,92359,92359,-75.157881,64.62,Good
29.6632,93758,92460,92460,-81.729544,64.57,Good
29.7032,93756,92494,92494,-78.547495,64.47,Good
29.7439,93734,92514,92514,-65.155533,64.37,Good
29.7840,93750,92511,92511,-43.423783,64.23,Good
29.8249,93767,92538,92538,-17.568809,64.19,Good
29.8650,93748,92520,92520,6.988753,64.15,Good
29.9051,93673,92450,92450,25.060412,63.77,Good
29.9452,93670,92473,92473,33.788675,63.39,Good
29.9855,93770,92590,92590,34.433434,63.02,Good
30.0256,93799,92663,92663,31.326504,62.69,Good
30.0658,93759,92616,92616,28.607580,62.73,Good
30.1059,93754,92622,92622,27.577926,63.10,Good
30.1460,93647,92329,92329,27.749654,63.46,Good
30.1861,93464,91996,91996,26.560029,63.78,Good
30.2262,93468,91951,91951,21.920577,64.09,Good
30.2663,93469,91957,91957,14.300374,64.04,Good
30.3071,93476,91980,91980,5.326621,64.01,Good
30.3487,93580,92097,92097,-3.308099,64.01,Good
30.3888,93552,92101,92101,-10.374345,64.05,Good
30.4289,93484,92007,92007,-16.264309,63.76,Good
30.4690,93506,91991,91991,-22.319775,63.48,Good
30.5091,93497,92021,92021,-29.090310,63.13,Good
30.5492,93504,92047,92047,-35.821913,62.78,Good
30.5893,93468,92032,92032,-40.497328,62.42,Good
30.6294,93439,92015,92015,-40.511623,62.39,Good
30.6695,93432,91982,91982,-33.632111,62.39,Good
30.7095,93417,91979,91979,-19.701916,63.12,Good
30.7506,93407,91975,91975,-1.349904,63.92,Good
30.7907,93435,92014,92014,16.597384,64.33,Good
30.8308,93400,92021,92021,29.613519,64.74,Good
30.8709,93403,92045,92045,35.185252,65.12,Good
30.9110,93490,92197,92197,33.933368,64.80,Good
30.9516,93538,92275,92275,29.521316,64.41,Good
30.9917,93485,92235,92235,25.472757,64.41,Good
31.0317,93419,92173,92173,23.101525,64.00,Good
31.0718,93424,92076,92076,22.009208,63.62,Good
31.1119,93284,91786,91786,21.228741,63.22,Good
31.1527,93227,91634,91634,19.242867,62.81,Good
31.1928,93270,91702,91702,15.873560,62.40,Good
31.2329,93277,91690,91690,12.126380,62.44,Good
31.2730,93215,91585,91585,8.006918,62.78,Good
31.3131,93134,91485,91485,2.522824,63.17,Good
31.3532,93105,91410,91410,-5.289843,63.55,Good
31.3939,93059,91373,91373,-15.752993,63.93,Good
31.4342,93062,91416,91416,-28.217721,63.67,Good
31.4748,93099,91478,91478,-40.787638,63.10,Good
31.5149,93117,91535,91535,-50.837306,62.52,Good
31.5550,93129,91601,91601,-55.678536,61.95,Good
31.5951,93233,91725,91725,-53.416136,61.64,Good
31.6352,93237,91752,91752,-43.502381,61.90,Good
31.6752,93312,91849,91849,-27.990622,61.86,Good
31.7153,93308,91873,91873,-9.920346,61.82,Good
31.7560,93215,91733,91733,7.604056,62.14,Good
31.7969,93228,91807,91807,22.075602,61.84,Good
31.8371,93279,91851,91851,33.639352,61.58,Good
31.8772,93299,91903,91903,43.102501,61.58,Good
31.9173,93230,91878,91878,51.168308,61.58,Good
31.9574,93305,91964,91964,56.700885,61.22,Good
31.9980,93267,91936,91936,58.192973,61.48,Good
32.0381,93149,91694,91694,54.483035,61.82,Good
32.0782,92965,91366,91366,45.409572,62.12,Good
32.1183,92966,91335,91335,31.697325,62.42,Good
32.1591,93009,91417,91417,15.813333,62.72,Good
32.1992,92948,91329,91329,0.445564,62.75,Good
32.2393,92909,91319,91319,-13.229111,62.72,Good
32.2794,92889,91267,91267,-24.391824,62.75,Good
32.3194,92905,91288,91288,-33.428304,62.75,Good
32.3603,92905,91274,91274,-40.993948,62.75,Good
32.4004,92925,91325,91325,-47.977352,62.78,Good
32.4413,92944,91375,91375,-54.092749,62.79,Good
32.4814,92945,91380,91380,-57.818169,62.75,Good
32.5215,92929,91354,91354,-56.887311,62.76,Good
32.5616,92931,91379,91379,-49.538814,62.76,Good
32.6016,92860,91317,91317,-35.525443,62.73,Good
32.6417,92822,91296,91296,-17.177797,62.73,Good
32.6818,92886,91398,91398,1.938380,62.73,Good
32.7219,92910,91461,91461,18.489469,62.73,Good
32.7626,92914,91467,91467,30.054202,62.73,Good
32.8027,92975,91603,91603,36.175847,62.73,Good
32.8428,93053,91717,91717,38.880204,62.73,Good
32.8829,93108,91772,91772,39.997451,62.73,Good
32.9229,93014,91566,91566,40.128476,62.76,Good
32.9646,92806,91171,91171,38.591499,62.57,Good
33.0047,92741,90983,90983,34.694849,62.34,Good
33.0448,92748,91001,91001,29.186766,62.34,Good
33.0849,92683,90916,90916,23.465178,62.37,Good
33.1249,92809,91094,91094,17.434387,62.37,Good
33.1650,92859,91154,91154,11.362006,62.60,Good
33.2051,92844,91169,91169,4.072113,62.86,Good
33.2452,92977,91282,91282,-5.796756,62.89,Good
33.2853,93001,91332,91332,-18.189165,62.89,Good
33.3254,93095,91501,91501,-32.016229,62.89,Good
33.3660,93046,91475,91475,-43.917031,62.89,Good
33.4061,93006,91438,91438,-50.504140,62.86,Good
33.4464,93124,91558,91558,-48.840578,62.83,Good
33.4866,93164,91625,91625,-37.173663,62.79,Good
33.5267,93227,91708,91708,-16.869910,62.76,Good
33.5672,93223,91757,91757,7.898779,62.73,Good
33.6074,93221,91770,91770,30.880782,62.73,Good
33.6475,93268,91841,91841,46.269026,62.73,Good
33.6877,93278,91846,91846,51.869621,62.73,Good
33.7278,93256,91869,91869,49.089123,62.73,Good
33.7685,93245,91878,91878,41.594744,62.73,Good
33.8086,93281,91921,91921,32.541897,62.73,Good
33.8494,93222,91845,91845,23.942910,62.84,Good
33.8895,93124,91635,91635,16.305592,62.92,Good
33.9295,93017,91387,91387,9.066793,62.95,Good
33.9696,93096,91410,91410,1.218871,62.98,Good
34.0113,93018,91325,91325,-6.936355,63.02,Good
34.0514,92993,91250,91250,-15.861483,62.93,Good
34.0915,93023,91321,91321,-25.843983,62.89,Good
34.1316,93055,91351,91351,-35.981420,62.93,Good
34.1717,93137,91419,91419,-45.209352,62.97,Good
34.2118,93159,91491,91491,-52.416498,63.01,Good
34.2518,93082,91385,91385,-56.862882,63.05,Good
34.2919,93112,91473,91473,-58.749479,63.13,Good
34.3320,93166,91571,91571,-56.894164,63.16,Good
34.3727,93148,91587,91587,-49.963652,63.17,Good
34.4128,93147,91580,91580,-37.373089,63.18,Good
34.4531,93204,91680,91680,-19.778566,63.19,Good
34.4932,93270,91778,91778,1.157909,63.16,Good
34.5333,93238,91784,91784,22.481159,63.13,Good
34.5733,93298,91850,91850,40.401971,63.13,Good
34.6142,93319,91923,91923,52.454026,63.13,Good
34.6543,93295,91886,91886,58.295072,63.13,Good
34.6944,93236,91849,91849,58.940683,63.24,Good
34.7345,93219,91841,91841,56.038774,63.31,Good
34.7746,93212,91826,91826,51.035660,63.38,Good
34.8154,93086,91667,91667,45.090462,63.41,Good
34.8555,92842,91248,91248,38.529844,63.40,Good
34.8956,92766,91048,91048,29.900790,63.24,Good
34.9357,92746,91043,91043,18.561661,63.17,Good
34.9758,92881,91173,91173,4.771890,63.09,Good
35.0159,92885,91208,91208,-10.188929,63.06,Good
35.0575,92805,91106,91106,-25.207168,63.06,Good
35.0976,92784,91107,91107,-39.938221,63.13,Good
35.1377,92809,91104,91104,-53.430881,63.16,Good
35.1777,92847,91134,91134,-64.388805,63.20,Good
35.2178,92780,91108,91108,-71.091947,63.24,Good
35.2579,92821,91198,91198,-72.368844,63.32,Good
35.2980,92855,91233,91233,-66.742034,63.26,Good
35.3381,92790,91180,91180,-53.619098,63.19,Good
35.3788,92695,91077,91077,-34.003993,63.13,Good
35.4189,92759,91168,91168,-10.815093,63.07,Good
35.4592,92709,91135,91135,12.731998,62.95,Good
35.4993,92600,91011,91011,32.355975,63.26,Good
35.5394,92631,91110,91110,44.294049,63.29,Good
35.5798,92693,91197,91197,48.401596,63.33,Good
35.6200,92720,91256,91256,47.199392,63.37,Good
35.6606,92856,91427,91427,43.996575,63.78,Good
35.7007,92916,91543,91543,41.078128,64.02,Good
35.7408,92786,91350,91350,38.559699,63.99,Good
35.7808,92579,90984,90984,34.987467,63.91,Good
35.8209,92476,90701,90701,29.483388,63.84,Good
35.8610,92455,90620,90620,22.615797,63.39,Good
35.9011,92329,90440,90440,15.966661,62.80,Good
35.9412,92356,90463,90463,9.723953,62.73,Good
35.9820,92393,90562,90562,3.966482,62.70,Good
36.0221,92419,90575,90575,-2.087495,62.70,Good
36.0629,92349,90473,90473,-10.099023,62.67,Good
36.1030,92361,90497,90497,-21.670783,62.67,Good
36.1431,92409,90591,90591,-36.328651,62.73,Good
36.1835,92435,90642,90642,-51.680522,62.79,Good
36.2238,92465,90674,90674,-64.034588,62.78,Good
36.2639,92453,90683,90683,-68.831160,62.81,Good
36.3040,92450,90699,90699,-62.569714,62.81,Good
36.3441,92464,90713,90713,-44.848869,62.78,Good
36.3848,92401,90622,90622,-18.935221,62.75,Good
36.4252,92360,90607,90607,8.742008,62.76,Good
36.4653,92329,90576,90576,31.768689,63.27,Good
36.5053,92297,90575,90575,46.008977,63.28,Good
36.5454,92372,90682,90682,51.261398,63.32,Good
36.5861,92414,90745,90745,50.407893,63.85,Good
36.6268,92437,90827,90827,46.261972,64.44,Good
36.6669,92443,90840,90840,40.770721,64.53,Good
36.7070,92424,90832,90832,34.519232,65.12,Good
36.7471,92266,90586,90586,27.664465,65.12,Good
36.7872,92079,90171,90171,19.870315,64.58,Good
36.8273,91968,89933,89933,11.219635,63.99,Good
36.8673,91962,89906,89906,2.947160,63.35,Good
36.9074,91940,89875,89875,-3.776080,62.71,Good
36.9475,91923,89852,89852,-9.190622,62.64,Good
36.9883,91863,89808,89808,-14.324816,62.64,Good
37.0283,91865,89779,89779,-20.727970,62.64,Good
37.0691,91850,89758,89758,-29.710575,62.68,Good
37.1092,91935,89893,89893,-41.672814,62.72,Good
37.1493,91950,89943,89943,-54.508163,62.79,Good
37.1894,91999,90047,90047,-64.911862,62.75,Good
37.2298,91998,90043,90043,-68.506898,62.67,Good
37.2700,91905,89930,89930,-62.186354,62.59,Good
37.3101,91848,89890,89890,-45.569561,62.52,Good
37.3502,91834,89860,89860,-20.907895,63.00,Good
37.3911,91779,89786,89786,7.074267,63.56,Good
37.4313,91814,89857,89857,32.397439,63.56,Good
37.4714,91774,89828,89828,50.895660,63.56,Good
37.5115,91721,89768,89768,60.641181,63.56,Good
37.5516,91806,89879,89879,62.442683,63.56,Good
37.5923,91820,89932,89932,59.123538,63.56,Good
37.6323,91820,89983,89983,52.364620,64.16,Good
37.6729,91945,90120,90120,42.849185,64.76,Good
37.7130,91935,90154,90154,31.896200,65.35,Good
37.7531,91749,89858,89858,21.485071,64.76,Good
37.7933,91596,89514,89514,12.844406,64.13,Good
37.8334,91606,89462,89462,6.570220,63.50,Good
37.8735,91503,89343,89343,3.264479,62.87,Good
37.9136,91568,89484,89484,1.324992,62.24,Good
37.9536,91651,89565,89565,-0.399228,62.21,Good
37.9943,91666,89604,89604,-3.399059,62.21,Good
38.0351,91715,89651,89651,-8.622509,62.31,Good
38.0751,91684,89584,89584,-16.076907,62.44,Good
38.1153,91764,89725,89725,-25.796532,62.57,Good
38.1554,91851,89861,89861,-36.017928,62.70,Good
38.1968,91872,89921,89921,-44.111104,62.83,Good
38.2369,91830,89877,89877,-46.994412,62.87,Good
38.2770,91856,89911,89911,-42.266447,62.87,Good
38.3171,91906,90000,90000,-28.915039,62.83,Good
38.3572,91931,90081,90081,-8.725115,62.79,Good
38.3973,91930,90098,90098,13.847916,62.76,Good
38.4374,91940,90134,90134,33.046513,62.72,Good
38.4775,91917,90125,90125,44.591659,62.69,Good
38.5175,91930,90162,90162,47.369938,62.69,Good
38.5576,91927,90144,90144,43.962378,62.69,Good
38.5983,91953,90189,90189,37.640332,62.72,Good
38.6384,91860,90050,90050,30.946176,62.87,Good
38.6793,91735,89887,89887,24.046163,62.98,Good
38.7194,91520,89483,89483,16.575747,63.05,Good
38.7595,91357,89204,89204,7.288879,63.05,Good
38.8002,91439,89250,89250,-3.882248,63.05,Good
38.8402,91416,89243,89243,-15.412886,62.94,Good
38.8803,91397,89239,89239,-26.729925,62.90,Good
38.9204,91468,89345,89345,-37.982311,62.90,Good
38.9605,91444,89302,89302,-48.755342,62.97,Good
39.0012,91515,89358,89358,-58.725508,63.03,Good
39.0413,91464,89313,89313,-66.366546,63.10,Good
39.0814,91480,89340,89340,-70.650071,63.14,Good
39.1216,91412,89288,89288,-69.996034,63.21,Good
39.1617,91349,89194,89194,-62.953606,63.29,Good
39.2035,91280,89105,89105,-48.481951,63.32,Good
39.2444,91318,89151,89151,-27.019891,63.36,Good
39.2845,91314,89169,89169,-0.686444,63.40,Good
39.3246,91295,89163,89163,26.034932,63.40,Good
39.3647,91339,89268,89268,47.633342,63.40,Good
39.4048,91418,89344,89344,60.359983,63.40,Good
39.4449,91362,89311,89311,63.430583,63.40,Good
39.4850,91331,89276,89276,59.004566,63.40,Good
39.5250,91339,89335,89335,51.000254,63.40,Good
39.5651,91459,89484,89484,43.020219,63.40,Good
39.6052,91486,89503,89503,37.293592,63.40,Good
39.6453,91321,89229,89229,34.419324,63.39,Good
39.6853,91081,88777,88777,33.352405,63.35,Good
39.7254,90972,88548,88548,31.846752,63.31,Good
39.7655,91008,88551,88551,28.339787,63.26,Good
39.8056,90920,88442,88442,22.237829,63.22,Good
39.8456,90775,88201,88201,12.789582,63.18,Good
39.8857,90715,88165,88165,-0.656902,63.18,Good
39.9258,90740,88209,88209,-17.021681,63.18,Good
39.9659,90699,88090,88090,-34.394912,63.18,Good
40.0059,90601,87979,87979,-51.589982,63.18,Good
40.0460,90733,88164,88164,-67.576789,63.18,Good
40.0861,90815,88305,88305,-79.781196,63.18,Good
40.1262,90891,88449,88449,-85.748952,63.18,Good
40.1662,90935,88491,88491,-82.983304,63.18,Good
40.2063,91019,88614,88614,-70.231476,63.23,Good
40.2464,91037,88624,88624,-47.454717,63.29,Good
40.2865,91036,88659,88659,-17.886193,63.34,Good
40.3265,91093,88764,88764,13.169774,63.40,Good
40.3671,91181,88884,88884,40.770788,63.45,Good
40.4072,91350,89120,89120,62.383779,63.45,Good
40.4473,91271,89052,89052,78.991932,63.44,Good
40.4878,91206,88998,88998,90.915174,63.59,Good
40.5279,91293,89116,89116,97.460524,63.58,Good
40.5680,91346,89221,89221,97.823587,63.57,Good
40.6085,91255,89005,89005,92.038532,63.62,Good
40.6485,91116,88703,88703,80.147697,63.65,Good
40.6890,91014,88544,88544,62.846398,63.49,Good
40.7290,91071,88600,88600,42.101067,63.52,Good
40.7695,91133,88717,88717,20.942428,63.55,Good
40.8096,91088,88651,88651,1.531493,63.52,Good
40.8497,91046,88613,88613,-16.623567,63.53,Good
40.8902,91062,88584,88584,-34.474742,63.57,Good
40.9303,91021,88524,88524,-52.263287,63.57,Good
40.9704,91088,88648,88648,-69.343278,63.57,Good
41.0108,91132,88749,88749,-83.211968,63.56,Good
41.0511,91198,88847,88847,-91.181165,63.55,Good
41.0912,91252,88950,88950,-91.163659,63.54,Good
41.1316,91270,88978,88978,-82.483217,63.53,Good
41.1717,91212,88925,88925,-66.286283,63.56,Good
41.2122,91237,88980,88980,-45.141279,63.60,Good
41.2523,91255,89020,89020,-21.735331,63.58,Good
41.2926,91337,89137,89137,0.427342,63.55,Good
41.3327,91479,89354,89354,18.343900,63.53,Good
41.3732,91517,89431,89431,31.509679,63.47,Good
41.4133,91537,89453,89453,41.176419,63.40,Good
41.4534,91537,89474,89474,48.842076,63.89,Good
41.4937,91525,89428,89428,54.480577,63.95,Good
41.5340,91320,89033,89033,56.837272,63.98,Good
41.5741,91190,88725,88725,53.856942,63.97,Good
41.6143,91230,88773,88773,45.656865,63.95,Good
41.6546,91240,88820,88820,34.954203,63.49,Good
41.6950,91270,88877,88877,23.936524,63.45,Good
41.7350,91322,88947,88947,13.478433,63.45,Good
41.7754,91350,88958,88958,2.887851,63.49,Good
41.8159,91352,88968,88968,-9.522127,63.52,Good
41.8560,91451,89057,89057,-24.684278,63.52,Good
41.8961,91478,89145,89145,-41.280705,63.52,Good
41.9367,91572,89300,89300,-55.973643,63.52,Good
41.9767,91609,89366,89366,-63.995982,63.55,Good
42.0168,91660,89411,89411,-61.864219,63.59,Good
42.0571,91670,89456,89456,-48.630214,63.62,Good
42.0974,91638,89418,89418,-26.484825,63.65,Good
42.1375,91613,89408,89408,-0.595743,64.13,Good
42.1778,91628,89443,89443,23.152911,64.67,Good
42.2181,91637,89464,89464,40.093114,65.20,Good
42.2584,91641,89489,89489,48.075205,65.25,Good
42.2985,91644,89516,89516,48.316309,65.30,Good
42.3388,91628,89538,89538,44.104630,64.90,Good
42.3797,91640,89543,89543,38.049492,64.68,Good
42.4198,91569,89405,89405,30.838255,64.56,Good
42.4599,91347,88963,88963,22.037998,64.57,Good
42.4999,91236,88692,88692,10.587113,64.59,Good
42.5400,91215,88685,88685,-2.783565,64.61,Good
42.5803,91209,88655,88655,-15.761475,64.37,Good
42.6206,91185,88608,88608,-26.686544,64.03,Good
42.6611,91147,88568,88568,-35.138272,64.03,Good
42.7012,91069,88439,88439,-41.789100,64.03,Good
42.7413,91127,88502,88502,-48.361704,64.03,Good
42.7818,91119,88485,88485,-55.143983,64.07,Good
42.8219,91068,88455,88455,-61.732236,64.10,Good
42.8619,91038,88465,88465,-66.397361,64.14,Good
42.9027,91084,88525,88525,-66.420333,64.18,Good
42.9428,91026,88452,88452,-59.044234,64.22,Good
42.9828,90936,88329,88329,-43.515164,64.18,Good
43.0229,90945,88361,88361,-21.486190,64.10,Good
43.0633,90999,88445,88445,3.786517,64.07,Good
43.1037,90981,88439,88439,27.848395,64.03,Good
43.1438,91025,88505,88505,46.203924,64.03,Good
43.1839,91083,88621,88621,57.014088,63.97,Good
43.2242,91032,88557,88557,61.734948,63.95,Good
43.2647,91123,88699,88699,62.406932,63.89,Good
43.3047,91172,88790,88790,61.355630,63.83,Good
43.3451,91144,88761,88761,59.149163,63.73,Good
43.3852,91020,88509,88509,55.803141,63.75,Good
43.4262,90857,88145,88145,51.190550,63.74,Good
43.4663,90720,87932,87932,45.183155,63.73,Good
43.5064,90733,87985,87985,37.916418,63.72,Good
43.5465,90845,88125,88125,29.730739,63.74,Good
43.5865,90978,88319,88319,20.424762,63.74,Good
43.6266,91015,88384,88384,9.727133,63.77,Good
43.6669,91084,88439,88439,-3.165405,63.80,Good
43.7073,91035,88343,88343,-18.001306,63.83,Good
43.7474,91075,88424,88424,-33.896332,63.83,Good
43.7878,91130,88506,88506,-48.073906,63.83,Good
43.8279,91160,88606,88606,-57.642639,63.83,Good
43.8683,91184,88632,88632,-59.664264,63.83,Good
43.9084,91181,88644,88644,-52.284725,63.83,Good
43.9490,91159,88647,88647,-35.666970,63.83,Good
43.9891,91143,88633,88633,-12.794268,63.86,Good
44.0292,91155,88665,88665,10.771622,63.90,Good
44.0693,91192,88729,88729,28.736061,63.94,Good
44.1097,91226,88807,88807,36.803788,63.96,Good
44.1500,91181,88771,88771,35.121267,63.97,Good
44.1900,91193,88821,88821,27.284839,63.96,Good
44.2303,91211,88861,88861,18.539915,63.94,Good
44.2706,91082,88638,88638,12.356589,63.98,Good
44.3137,90911,88245,88245,8.397283,64.00,Good
44.3539,90743,87932,87932,4.207184,64.01,Good
44.3941,90753,87938,87938,-2.154610,64.03,Good
44.4342,90769,87974,87974,-10.105228,64.05,Good
44.4751,90817,88031,88031,-18.313234,64.05,Good
44.5152,90865,88095,88095,-25.657059,64.09,Good
44.5553,90848,88056,88056,-32.042236,64.13,Good
44.5954,90879,88087,88087,-38.624186,64.17,Good
44.6355,90944,88200,88200,-45.821054,64.21,Good
44.6756,91014,88296,88296,-52.465353,64.21,Good
44.7157,91036,88354,88354,-56.134248,64.21,Good
44.7558,91072,88412,88412,-53.866945,64.21,Good
44.7958,91031,88341,88341,-43.089066,64.21,Good
44.8359,91049,88389,88389,-23.727966,64.21,Good
44.8760,91038,88393,88393,2.325490,64.21,Good
44.9170,91013,88365,88365,30.546735,64.21,Good
44.9571,90996,88356,88356,55.096221,64.58,Good
44.9975,90995,88368,88368,70.940285,64.62,Good
45.0377,91006,88415,88415,76.013548,64.60,Good
45.0781,91046,88505,88505,72.109998,64.59,Good
45.1186,91028,88517,88517,63.254032,64.57,Good
45.1587,91023,88537,88537,52.348728,64.19,Good
45.1988,90992,88483,88483,40.654628,64.13,Good
45.2389,90810,88134,88134,28.587462,64.15,Good
45.2789,90617,87710,87710,15.925438,64.13,Good
45.3190,90578,87597,87597,2.836154,64.11,Good
45.3591,90562,87585,87585,-9.127878,64.13,Good
45.3992,90604,87626,87626,-19.125781,64.14,Good
45.4403,90538,87517,87517,-27.205837,64.14,Good
45.4804,90581,87566,87566,-34.919665,64.14,Good
45.5213,90589,87593,87593,-43.026742,64.13,Good
45.5614,90606,87559,87559,-51.922072,64.10,Good
45.6015,90588,87561,87561,-61.304869,64.06,Good
45.6415,90606,87645,87645,-69.592298,64.03,Good
45.6816,90662,87719,87719,-73.754168,64.03,Good
45.7217,90706,87769,87769,-70.406829,64.03,Good
45.7621,90643,87731,87731,-57.222801,64.03,Good
45.8022,90593,87680,87680,-34.682915,64.06,Good
45.8423,90615,87746,87746,-6.325154,64.06,Good
45.8825,90622,87729,87729,22.731538,64.10,Good
45.9226,90666,87841,87841,46.568248,64.13,Good
45.9627,90688,87846,87846,61.937016,64.16,Good
46.0037,90669,87870,87870,68.393969,64.14,Good
46.0443,90759,87992,87992,68.432653,64.16,Good
46.0843,90793,88103,88103,65.335906,64.15,Good
46.1244,90942,88286,88286,60.589329,64.13,Good
46.1646,90972,88348,88348,54.780787,64.13,Good
46.2050,90937,88291,88291,48.015058,64.13,Good
46.2452,90773,87995,87995,40.752295,64.08,Good
46.2854,90701,87754,87754,32.862294,63.99,Good
46.3255,90706,87762,87762,24.593043,63.91,Good
46.3656,90788,87905,87905,16.846515,63.85,Good
46.4058,90797,87904,87904,10.130067,63.80,Good
46.4462,90758,87836,87836,3.331411,63.80,Good
46.4864,90755,87852,87852,-5.135643,63.83,Good
46.5267,90733,87772,87772,-15.810620,63.86,Good
46.5671,90757,87840,87840,-28.952632,63.86,Good
46.6076,90668,87760,87760,-43.136688,63.86,Good
46.6480,90702,87815,87815,-56.965167,63.86,Good
46.6881,90709,87850,87850,-67.484141,63.86,Good
46.7282,90725,87874,87874,-71.644196,63.86,Good
46.7684,90754,87934,87934,-67.344240,63.90,Good
46.8088,90772,87990,87990,-54.595611,63.90,Good
46.8488,90757,87962,87962,-36.238922,63.90,Good
46.8889,90767,88007,88007,-17.306217,63.94,Good
46.9292,90787,88065,88065,-1.989652,63.92,Good
46.9693,90825,88140,88140,8.068198,63.86,Good
47.0093,90946,88270,88270,14.316416,63.84,Good
47.0494,90951,88326,88326,19.883150,63.82,Good
47.0912,90876,88247,88247,26.514873,63.76,Good
47.1313,90841,88193,88193,33.237092,63.82,Good
47.1721,90734,88003,88003,38.430510,63.84,Good
47.2122,90545,87635,87635,40.711952,63.82,Good
47.2522,90419,87349,87349,39.056246,63.81,Good
47.2923,90388,87301,87301,33.352871,63.79,Good
47.3324,90384,87318,87318,24.620336,63.75,Good
47.3725,90405,87362,87362,13.853137,63.75,Good
47.4126,90446,87418,87418,1.707584,63.79,Good
47.4527,90404,87361,87361,-11.521983,63.82,Good
47.4928,90492,87444,87444,-26.243842,63.86,Good
47.5328,90557,87562,87562,-41.558272,63.86,Good
47.5729,90634,87682,87682,-55.359607,63.86,Good
47.6133,90685,87767,87767,-64.329711,63.86,Good
47.6534,90666,87745,87745,-64.832429,63.86,Good
47.6949,90579,87641,87641,-54.739173,63.86,Good
47.7350,90532,87617,87617,-34.699938,64.40,Good
47.7750,90571,87678,87678,-7.880301,64.40,Good
47.8151,90608,87748,87748,20.699606,64.40,Good
47.8552,90691,87854,87854,45.463076,64.34,Good
47.8953,90731,87936,87936,62.278688,64.86,Good
47.9360,90830,88114,88114,69.312031,64.84,Good
47.9761,90901,88257,88257,68.056523,65.36,Good
48.0164,91017,88401,88401,61.557733,65.99,Good
48.0565,91108,88511,88511,52.749089,66.68,Good
48.0966,91159,88603,88603,43.331291,66.79,Good
48.1372,91167,88635,88635,34.515254,66.20,Good
48.1775,91159,88539,88539,27.598319,65.58,Good
48.2180,90975,88116,88116,23.758461,64.81,Good
48.2581,90913,87973,87973,21.892761,64.04,Good
48.2981,90970,88072,88072,20.579490,63.27,Good
48.3382,90903,87975,87975,18.081360,63.85,Good
48.3783,90822,87856,87856,11.677352,64.48,Good
48.4186,90780,87794,87794,-0.127168,65.14,Good
48.4587,90808,87866,87866,-17.089429,65.80,Good
48.4989,90731,87719,87719,-37.054188,66.46,Good
48.5389,90510,87471,87471,-58.210303,67.17,Good
48.5790,90651,87704,87704,-78.987867,67.21,Good
48.6198,90784,87874,87874,-95.246801,67.25,Good
48.6602,90929,88094,88094,-103.629567,66.66,Good
48.7003,91033,88210,88210,-101.426564,66.04,Good
48.7407,90942,88150,88150,-88.157784,64.71,Good
48.7808,90967,88166,88166,-66.244743,63.98,Good
48.8210,90965,88182,88182,-39.385403,63.25,Good
48.8611,90949,88147,88147,-11.916992,64.15,Good
48.9012,90933,88193,88193,12.502083,64.78,Good
48.9420,91014,88294,88294,32.725626,65.42,Good
48.9829,91039,88347,88347,49.822035,66.13,Good
49.0230,90987,88329,88329,64.803831,66.83,Good
49.0631,90961,88347,88347,76.534703,66.54,Good
49.1032,91105,88555,88555,82.397637,66.54,Good
49.1439,91018,88417,88417,81.365690,66.54,Good
49.1847,90923,88147,88147,72.638306,65.83,Good
49.2248,90874,88011,88011,57.023366,65.09,Good
49.2649,90913,88043,88043,37.872440,64.34,Good
49.3050,90985,88165,88165,19.999619,63.63,Good
49.3451,91076,88293,88293,6.801903,62.91,Good
49.3852,91018,88228,88228,-1.568292,62.91,Good
49.4253,91079,88327,88327,-8.147483,63.60,Good
49.4654,91126,88352,88352,-14.996104,64.30,Good
49.5054,91204,88458,88458,-23.233144,65.03,Good
49.5462,91191,88409,88409,-31.690658,65.72,Good
49.5863,91022,88238,88238,-38.659203,66.41,Good
49.6264,90828,88023,88023,-42.339530,65.52,Good
49.6665,90964,88165,88165,-41.713181,65.56,Good
49.7070,91086,88375,88375,-35.634595,65.58,Good
49.7472,91426,88856,88856,-25.060123,65.63,Good
49.7877,91654,89140,89140,-11.343066,64.98,Good
49.8281,91890,89468,89468,1.945352,65.25,Good
49.8681,92310,90082,90082,11.364854,64.60,Good
49.9082,92758,90753,90753,16.533873,63.90,Good
49.9483,93213,91332,91332,20.324334,63.19,Good
49.9884,93503,91742,91742,27.193434,63.19,Good
50.0292,93734,92069,92069,40.289034,63.19,Good
50.0693,93876,92255,92255,60.618194,63.21,Good
50.1094,93809,92070,92070,87.132320,63.24,Good
50.1495,93407,91415,91415,116.373942,63.23,Good
50.1904,93162,90984,90984,141.694891,63.23,Good
50.2312,92859,90534,90534,156.688067,63.22,Good
50.2713,92502,90118,90118,154.916612,63.15,Good
50.3114,92280,89832,89832,132.345946,63.08,Good
50.3515,92043,89531,89531,89.077449,63.04,Good
50.3916,91849,89245,89245,28.206610,63.01,Good
50.4317,91706,89089,89089,-45.615481,62.97,Good
50.4717,91724,89138,89138,-126.699392,63.00,Good
50.5118,91851,89296,89296,-207.393882,63.07,Good
50.5519,91897,89389,89389,-277.698144,63.10,Good
50.5927,91850,89349,89349,-326.858853,63.14,Good
50.6328,91817,89338,89338,-346.617899,63.21,Good
50.6729,91851,89386,89386,-333.397120,63.24,Good
50.7130,91843,89382,89382,-288.989617,63.22,Good
50.7543,91855,89414,89414,-220.323017,63.23,Good
50.7944,91817,89374,89374,-137.467290,63.24,Good
50.8349,91852,89477,89477,-52.052166,63.22,Good
